id,first_name,last_name,email,gender,ip_address
1,Alex,Rummin,arummin0@jugem.jp,Male,164.139.165.197
2,Sallyanne,Wickerson,swickerson1@theatlantic.com,Female,1.138.23.121
3,Colene,Greenaway,cgreenaway2@hibu.com,Female,71.236.92.167
4,Lindy,Terrill,lterrill3@slate.com,Male,251.178.155.86
5,Sammie,Woodison,swoodison4@samsung.com,Male,226.155.171.233
6,Gaelan,Spiers,gspiers5@creativecommons.org,Male,95.246.198.235
7,Sherwynd,Etchells,setchells6@canalblog.com,Male,127.58.148.169
8,Reuben,Dobrowski,rdobrowski7@mozilla.org,Male,73.33.86.197
9,Doria,Dagnan,ddagnan8@devhub.com,Female,240.179.236.63
10,Mar,Luxford,mluxford9@apple.com,Male,0.209.101.210
11,Bernadette,MacSharry,bmacsharrya@cmu.edu,Female,201.0.198.245
12,Dudley,Lerigo,dlerigob@google.ru,Male,138.229.117.214
13,Townsend,Heinert,theinertc@harvard.edu,Male,237.54.158.183
14,Erica,Bradford,ebradfordd@livejournal.com,Female,52.180.189.81
15,Vitoria,Colliber,vcollibere@yale.edu,Female,30.24.1.60
16,Marlon,McWaters,mmcwatersf@hhs.gov,Male,178.12.254.187
17,Ethelind,Juschke,ejuschkeg@zimbio.com,Female,154.94.241.225
18,Mayne,Petrosian,mpetrosianh@nhs.uk,Male,59.119.59.208
19,Vasilis,Prosch,vproschi@jiathis.com,Male,226.110.102.41
20,Ange,Landre,alandrej@dot.gov,Female,245.232.29.147
21,Winfield,Orneblow,worneblowk@amazon.de,Male,228.110.172.35
22,Mitch,Balharry,mbalharryl@ning.com,Male,84.45.28.63
23,Margo,Celes,mcelesm@msn.com,Female,9.196.212.243
24,Adah,Lockett,alockettn@chron.com,Female,193.168.113.184
25,Emelda,Lipman,elipmano@eepurl.com,Female,149.56.114.155
26,Farrand,Fassbindler,ffassbindlerp@howstuffworks.com,Female,209.83.99.123
27,Vonnie,Beckensall,vbeckensallq@deliciousdays.com,Female,34.186.164.157
28,Clement,Kitlee,ckitleer@wikia.com,Male,140.40.197.33
29,Gabie,Mulhall,gmulhalls@issuu.com,Male,112.208.243.56
30,Hunt,Penrose,hpenroset@indiatimes.com,Male,102.106.201.230
31,Philis,Whisby,pwhisbyu@webeden.co.uk,Female,78.210.161.233
32,Simon,Reveland,srevelandv@home.pl,Male,57.234.244.65
33,Bevan,Skilbeck,bskilbeckw@lulu.com,Male,98.210.80.55
34,Ash,Vreede,avreedex@prlog.org,Male,20.235.55.182
35,Carly,Pechard,cpechardy@google.cn,Male,117.99.238.110
36,Kirsteni,Hastilow,khastilowz@ed.gov,Female,246.252.233.47
37,Janith,Curtis,jcurtis10@hubpages.com,Female,128.110.234.103
38,Andy,McGloughlin,amcgloughlin11@hostgator.com,Female,100.241.119.4
39,Towny,Dressel,tdressel12@about.me,Male,220.136.221.66
40,Bondie,Brugmann,bbrugmann13@networksolutions.com,Male,88.215.92.19
41,Igor,Blunkett,iblunkett14@linkedin.com,Male,167.111.135.49
42,Paulette,Marshallsay,pmarshallsay15@pcworld.com,Female,184.3.145.190
43,Dal,Mytton,dmytton16@cornell.edu,Male,12.37.75.217
44,Aldin,Caughtry,acaughtry17@nifty.com,Male,10.25.153.15
45,Armando,Hamsher,ahamsher18@upenn.edu,Male,254.93.189.208
46,Edlin,Swaisland,eswaisland19@ucsd.edu,Male,106.139.238.68
47,Charmion,Gooley,cgooley1a@t.co,Female,97.169.243.8
48,Benedicta,Wilbore,bwilbore1b@smugmug.com,Female,52.0.216.171
49,Kelsey,Glas,kglas1c@livejournal.com,Male,39.10.14.240
50,Olivier,Debney,odebney1d@cargocollective.com,Male,169.4.34.191
51,Iris,Summerhayes,isummerhayes1e@biglobe.ne.jp,Female,163.17.74.151
52,Erasmus,Busfield,ebusfield1f@bloglovin.com,Male,22.203.90.89
53,Adelaide,Andrivot,aandrivot1g@amazonaws.com,Female,228.110.197.254
54,Katherine,Rolfo,krolfo1h@liveinternet.ru,Female,38.232.185.207
55,Quinlan,Doe,qdoe1i@about.me,Male,159.88.114.232
56,Rik,Orbon,rorbon1j@vistaprint.com,Male,40.98.143.190
57,Ingrid,Bunclark,ibunclark1k@cafepress.com,Female,231.83.203.105
58,Wilfrid,McCarty,wmccarty1l@theglobeandmail.com,Male,251.251.178.61
59,Candace,Dumbare,cdumbare1m@hatena.ne.jp,Female,12.225.158.101
60,Mellicent,Wogden,mwogden1n@gov.uk,Female,232.22.238.56
61,Gilberto,Gon,ggon1o@drupal.org,Male,127.247.123.219
62,Jed,Cuskery,jcuskery1p@go.com,Male,75.174.58.130
63,Alain,Jeduch,ajeduch1q@shareasale.com,Male,211.166.217.80
64,Shaw,Gallaway,sgallaway1r@census.gov,Male,8.41.251.112
65,Julita,Neubigging,jneubigging1s@biblegateway.com,Female,200.20.77.193
66,Arliene,Brando,abrando1t@networkadvertising.org,Female,216.164.212.43
67,Beatrisa,Vedeniktov,bvedeniktov1u@npr.org,Female,211.148.121.178
68,Mufinella,Valance,mvalance1v@ox.ac.uk,Female,80.230.49.2
69,Ermengarde,Miskin,emiskin1w@blogger.com,Female,198.14.11.73
70,Gabbi,Cleaton,gcleaton1x@goo.gl,Female,238.46.167.161
71,Bernadene,Wrotham,bwrotham1y@netscape.com,Female,82.112.11.238
72,Gilli,Fronzek,gfronzek1z@altervista.org,Female,59.254.140.206
73,Andrea,Kamienski,akamienski20@tumblr.com,Female,5.89.241.118
74,Hermina,Premble,hpremble21@google.com,Female,190.191.127.165
75,Garvy,Casburn,gcasburn22@networksolutions.com,Male,232.184.213.32
76,Jocko,Fielder,jfielder23@liveinternet.ru,Male,49.127.149.184
77,Bondy,Lamas,blamas24@ebay.co.uk,Male,197.89.219.67
78,Gloriane,Twitchings,gtwitchings25@domainmarket.com,Female,122.245.217.247
79,Daryl,Dench,ddench26@wisc.edu,Male,43.202.218.226
80,Kilian,Cogman,kcogman27@fc2.com,Male,183.223.14.150
81,Grant,Shearsby,gshearsby28@angelfire.com,Male,206.15.242.88
82,Ame,Mussalli,amussalli29@vkontakte.ru,Female,55.67.32.54
83,Myron,Hudd,mhudd2a@4shared.com,Male,13.92.168.5
84,Ira,Eytel,ieytel2b@bluehost.com,Female,118.226.83.147
85,Tybie,Di Francecshi,tdifrancecshi2c@wunderground.com,Female,235.81.141.54
86,Katha,Sandeland,ksandeland2d@dot.gov,Female,9.165.251.187
87,Erl,Doerren,edoerren2e@jimdo.com,Male,16.115.19.243
88,Jimmy,Longstaffe,jlongstaffe2f@ehow.com,Male,130.176.148.164
89,Nananne,Hick,nhick2g@jigsy.com,Female,15.180.180.206
90,Wood,Arton,warton2h@si.edu,Male,146.13.157.187
91,Christine,Jaffray,cjaffray2i@gov.uk,Female,97.43.1.208
92,Sim,Marran,smarran2j@posterous.com,Male,103.3.251.25
93,Jolynn,Underwood,junderwood2k@about.com,Female,18.23.55.79
94,Mikol,Cosker,mcosker2l@elpais.com,Male,243.126.89.212
95,Waylen,Middle,wmiddle2m@cocolog-nifty.com,Male,194.33.72.127
96,Ruthi,Boor,rboor2n@engadget.com,Female,62.201.41.96
97,Joanie,Cicchetto,jcicchetto2o@hp.com,Female,155.15.213.49
98,Humberto,Yong,hyong2p@baidu.com,Male,41.224.118.3
99,Annette,Kearford,akearford2q@jalbum.net,Female,146.111.236.162
100,Avigdor,Januszewicz,ajanuszewicz2r@oracle.com,Male,42.46.176.195
101,Sherill,Bowgen,sbowgen2s@webmd.com,Female,245.99.160.2
102,Liva,Bockler,lbockler2t@deviantart.com,Female,178.245.47.69
103,Jenica,Stollmeyer,jstollmeyer2u@umn.edu,Female,52.112.255.28
104,Nil,Hambright,nhambright2v@utexas.edu,Male,82.173.124.164
105,Madison,Youtead,myoutead2w@jalbum.net,Male,206.48.229.117
106,Shaw,Wraighte,swraighte2x@xing.com,Male,70.132.21.163
107,Leonore,Wason,lwason2y@wiley.com,Female,9.9.3.8
108,Alexa,Geistmann,ageistmann2z@usnews.com,Female,146.54.129.83
109,Berry,Howey,bhowey30@privacy.gov.au,Female,28.255.184.30
110,Carolin,Dohmann,cdohmann31@yahoo.co.jp,Female,136.145.95.22
111,Ethelin,McQuorkell,emcquorkell32@tmall.com,Female,206.44.47.11
112,Rolando,Irdale,rirdale33@hhs.gov,Male,72.219.43.130
113,Nathanil,Llewellen,nllewellen34@gmpg.org,Male,208.149.136.188
114,Lorianne,Maslen,lmaslen35@springer.com,Female,90.244.172.99
115,Gearard,Outerbridge,gouterbridge36@51.la,Male,27.69.19.235
116,Meagan,Tolemache,mtolemache37@disqus.com,Female,69.139.73.189
117,Jeth,Madgett,jmadgett38@cargocollective.com,Male,233.79.171.250
118,Natty,Morffew,nmorffew39@columbia.edu,Male,250.169.26.13
119,Amata,Butchart,abutchart3a@dagondesign.com,Female,51.91.110.66
120,Wyndham,Clougher,wclougher3b@msu.edu,Male,150.134.55.128
121,Vere,Boydell,vboydell3c@biblegateway.com,Female,160.97.149.128
122,Wilie,Yourell,wyourell3d@hibu.com,Female,251.141.46.26
123,Maris,Ubsdall,mubsdall3e@t-online.de,Female,122.111.252.161
124,Roma,Blouet,rblouet3f@moonfruit.com,Male,99.139.15.204
125,Margeaux,Radish,mradish3g@mozilla.com,Female,189.40.248.241
126,Travus,Golley,tgolley3h@msu.edu,Male,11.116.8.36
127,Lydon,Hounsham,lhounsham3i@blogger.com,Male,239.88.99.54
128,Gussy,Guarnier,gguarnier3j@unc.edu,Female,139.42.157.206
129,Bert,Mabbitt,bmabbitt3k@cargocollective.com,Male,3.155.182.254
130,Jorey,de Juares,jdejuares3l@ucoz.ru,Female,184.52.197.60
131,Archibaldo,Blakiston,ablakiston3m@flavors.me,Male,139.78.191.160
132,Duke,Lucia,dlucia3n@instagram.com,Male,55.75.39.172
133,Hailey,Stennett,hstennett3o@independent.co.uk,Male,83.243.77.223
134,Lurleen,Strete,lstrete3p@sciencedirect.com,Female,215.111.150.208
135,Shanda,Stiff,sstiff3q@de.vu,Female,40.74.41.193
136,Faunie,Dabling,fdabling3r@statcounter.com,Female,219.223.148.65
137,Hailey,Friary,hfriary3s@disqus.com,Male,36.228.41.175
138,Corissa,Lathwell,clathwell3t@webnode.com,Female,223.85.41.213
139,Alfredo,Akker,aakker3u@weebly.com,Male,38.158.49.142
140,Normie,Splevins,nsplevins3v@exblog.jp,Male,159.137.76.243
141,Bald,Emmot,bemmot3w@businessweek.com,Male,162.45.168.106
142,Alastair,McGreay,amcgreay3x@eventbrite.com,Male,210.126.55.153
143,Tilda,Teacy,tteacy3y@4shared.com,Female,118.33.92.145
144,Junina,Episcopio,jepiscopio3z@cnet.com,Female,9.79.91.204
145,Woodrow,Uttermare,wuttermare40@cpanel.net,Male,173.100.92.159
146,Antonin,Melin,amelin41@bravesites.com,Male,192.58.223.51
147,Ulberto,Hallitt,uhallitt42@newsvine.com,Male,134.153.53.140
148,Addie,Giacomuzzo,agiacomuzzo43@netscape.com,Female,247.15.110.227
149,Nana,Lecky,nlecky44@springer.com,Female,153.48.235.147
150,Davie,Bonifant,dbonifant45@bravesites.com,Male,250.191.69.14
151,Abagael,Mathevet,amathevet46@webnode.com,Female,120.33.107.48
152,Naomi,Delepine,ndelepine47@oracle.com,Female,12.156.187.97
153,Joleen,Pendlenton,jpendlenton48@si.edu,Female,179.144.229.142
154,Electra,Watsam,ewatsam49@paginegialle.it,Female,155.128.13.251
155,Bernadette,Shapira,bshapira4a@eepurl.com,Female,248.231.163.15
156,Alexis,Donan,adonan4b@posterous.com,Female,44.45.35.125
157,Merlina,O'Doohaine,modoohaine4c@github.com,Female,234.58.211.2
158,Lukas,Midner,lmidner4d@cornell.edu,Male,229.29.201.205
159,Frankie,Sidwick,fsidwick4e@opera.com,Female,188.179.129.114
160,Chandal,Thomasen,cthomasen4f@sina.com.cn,Female,183.135.45.11
161,Logan,De Malchar,ldemalchar4g@cargocollective.com,Male,242.53.255.28
162,Spencer,Yarr,syarr4h@shop-pro.jp,Male,161.29.177.235
163,Colin,Ilett,cilett4i@amazon.com,Male,54.42.69.3
164,Hermia,Cassie,hcassie4j@t.co,Female,56.213.100.63
165,Will,Pirrie,wpirrie4k@newyorker.com,Male,245.45.95.255
166,Adorne,Tetlow,atetlow4l@youtube.com,Female,236.208.225.108
167,Hewet,Flaunier,hflaunier4m@wunderground.com,Male,135.149.243.26
168,Annora,McQuirk,amcquirk4n@yale.edu,Female,131.75.248.109
169,Sutherland,O'Kenny,sokenny4o@smugmug.com,Male,85.60.186.204
170,Katha,Rohmer,krohmer4p@joomla.org,Female,94.148.85.71
171,Arturo,Ajam,aajam4q@moonfruit.com,Male,83.14.18.201
172,Jodi,Brands,jbrands4r@gmpg.org,Female,48.41.109.187
173,Dario,Sendall,dsendall4s@spiegel.de,Male,12.228.129.69
174,Saunder,New,snew4t@sciencedirect.com,Male,84.154.218.104
175,Ellwood,Coogan,ecoogan4u@sina.com.cn,Male,103.91.107.56
176,Nappy,Grimsdell,ngrimsdell4v@narod.ru,Male,174.205.207.83
177,Rebekah,Nevet,rnevet4w@privacy.gov.au,Female,130.178.212.2
178,Hewie,Heminsley,hheminsley4x@opera.com,Male,31.113.222.255
179,Cad,Boldock,cboldock4y@google.co.jp,Male,2.239.139.102
180,Debee,Euels,deuels4z@spotify.com,Female,135.156.128.174
181,Cleve,Denes,cdenes50@chron.com,Male,164.21.70.228
182,Camilla,Briat,cbriat51@sciencedaily.com,Female,71.39.111.187
183,Barton,Phythian,bphythian52@twitpic.com,Male,107.173.24.3
184,Dagny,Angerstein,dangerstein53@moonfruit.com,Male,208.206.123.115
185,Haven,Beddow,hbeddow54@histats.com,Male,144.209.89.36
186,Edita,Capner,ecapner55@vkontakte.ru,Female,217.229.28.76
187,Rob,Linnell,rlinnell56@ft.com,Male,18.156.94.240
188,Ferdinand,Woolsey,fwoolsey57@mozilla.com,Male,62.109.12.94
189,Nelia,Bolles,nbolles58@mail.ru,Female,126.231.252.146
190,Brady,Lebrun,blebrun59@yandex.ru,Male,63.191.242.33
191,Hedvig,Frandsen,hfrandsen5a@nifty.com,Female,59.146.172.173
192,Patricia,Service,pservice5b@moonfruit.com,Female,249.144.206.136
193,Chanda,Bradock,cbradock5c@w3.org,Female,14.52.86.64
194,Kile,Klimschak,kklimschak5d@nasa.gov,Male,169.72.23.69
195,Claudelle,Kidder,ckidder5e@delicious.com,Female,231.175.212.242
196,Cele,Bustin,cbustin5f@buzzfeed.com,Female,10.80.4.206
197,Alla,Guinan,aguinan5g@pcworld.com,Female,251.18.173.153
198,Levi,Rustich,lrustich5h@slate.com,Male,109.175.193.193
199,Miranda,Clapshaw,mclapshaw5i@nps.gov,Female,70.232.226.139
200,Eveline,Beckmann,ebeckmann5j@networksolutions.com,Female,166.52.7.124
201,Mureil,McGeady,mmcgeady5k@diigo.com,Female,151.20.150.197
202,Jobyna,Tweede,jtweede5l@netscape.com,Female,111.116.133.84
203,Anne-corinne,De Gowe,adegowe5m@examiner.com,Female,181.89.175.193
204,Natalya,Tesimon,ntesimon5n@t.co,Female,164.94.179.106
205,Marjory,Cotta,mcotta5o@uol.com.br,Female,226.80.22.119
206,Brandtr,Doughty,bdoughty5p@bizjournals.com,Male,7.170.105.84
207,Farlie,Miskimmon,fmiskimmon5q@nbcnews.com,Male,141.19.87.244
208,Royce,Bunworth,rbunworth5r@boston.com,Male,221.25.235.222
209,Kerstin,Aldus,kaldus5s@independent.co.uk,Female,212.98.24.35
210,Meg,Dellenbach,mdellenbach5t@free.fr,Female,20.157.215.228
211,Karl,Savins,ksavins5u@economist.com,Male,127.51.134.90
212,Earlie,Balfre,ebalfre5v@booking.com,Male,168.113.156.72
213,Benjamin,Bony,bbony5w@jigsy.com,Male,153.29.242.121
214,Mora,Jarry,mjarry5x@ca.gov,Female,187.152.223.240
215,Louie,Pickaver,lpickaver5y@dedecms.com,Male,249.248.118.142
216,Shermy,Lavalle,slavalle5z@ameblo.jp,Male,205.225.143.212
217,Jasun,Mealiffe,jmealiffe60@kickstarter.com,Male,52.29.66.162
218,Iosep,Longworthy,ilongworthy61@geocities.com,Male,228.147.232.77
219,Bradley,Cleever,bcleever62@chron.com,Male,59.116.112.159
220,Biddy,Dmisek,bdmisek63@alexa.com,Female,226.198.49.201
221,Mureil,Goucher,mgoucher64@bandcamp.com,Female,19.35.5.139
222,Nikaniki,Hartzogs,nhartzogs65@blogspot.com,Female,141.240.4.7
223,Andra,Chaplain,achaplain66@thetimes.co.uk,Female,207.170.241.139
224,Owen,Janney,ojanney67@buzzfeed.com,Male,14.43.220.17
225,Webb,Rasmus,wrasmus68@youtube.com,Male,245.27.34.30
226,Augusta,Dain,adain69@imdb.com,Female,62.165.226.5
227,Cosette,Berthome,cberthome6a@bloglovin.com,Female,42.55.22.197
228,Wyn,Kyles,wkyles6b@prlog.org,Male,19.59.177.107
229,Olav,Matteo,omatteo6c@senate.gov,Male,10.233.151.87
230,Lin,Simison,lsimison6d@youku.com,Male,246.4.235.111
231,Suzanne,Keune,skeune6e@csmonitor.com,Female,238.246.170.201
232,Ashly,Rowbrey,arowbrey6f@chicagotribune.com,Female,41.134.143.167
233,Filip,Tonge,ftonge6g@multiply.com,Male,252.18.185.16
234,Cinnamon,Renzini,crenzini6h@cyberchimps.com,Female,162.182.230.144
235,Alleyn,Bothbie,abothbie6i@squarespace.com,Male,85.237.103.18
236,Sullivan,Whilde,swhilde6j@furl.net,Male,252.91.143.170
237,Shandie,Waterson,swaterson6k@1688.com,Female,99.56.131.227
238,Marrissa,Gribble,mgribble6l@apple.com,Female,245.180.252.75
239,Wright,Puddefoot,wpuddefoot6m@bbc.co.uk,Male,13.145.38.13
240,Adriano,Mcasparan,amcasparan6n@census.gov,Male,64.6.82.105
241,Kiri,Verrechia,kverrechia6o@loc.gov,Female,170.55.120.29
242,Kristos,Vido,kvido6p@washington.edu,Male,95.74.252.17
243,Goldia,Kellick,gkellick6q@senate.gov,Female,18.217.142.187
244,Annabela,Puckey,apuckey6r@ibm.com,Female,153.193.165.126
245,Sergent,Sailor,ssailor6s@go.com,Male,55.240.234.23
246,Adair,Polkinhorn,apolkinhorn6t@histats.com,Male,184.138.188.119
247,Scotty,Readwood,sreadwood6u@mapy.cz,Male,91.252.32.160
248,Tommy,Josselsohn,tjosselsohn6v@ask.com,Male,41.254.118.82
249,Kenyon,Feathers,kfeathers6w@bloglines.com,Male,118.198.103.87
250,Huntlee,Peel,hpeel6x@jiathis.com,Male,91.93.19.49
251,Marthe,Rouby,mrouby6y@webmd.com,Female,137.128.224.250
252,Dalli,Wernham,dwernham6z@webeden.co.uk,Male,93.116.170.76
253,Coral,Message,cmessage70@newyorker.com,Female,92.194.76.72
254,Tildy,Woloschin,twoloschin71@ted.com,Female,13.198.27.189
255,Clayborne,Kelsey,ckelsey72@chronoengine.com,Male,14.81.113.9
256,Augie,Jeannet,ajeannet73@businessweek.com,Male,52.213.32.150
257,Gideon,Oldman,goldman74@psu.edu,Male,222.183.87.45
258,Veronica,Duny,vduny75@answers.com,Female,114.149.231.87
259,Florian,Holdin,fholdin76@blogtalkradio.com,Male,204.38.79.0
260,Ugo,Thurlborn,uthurlborn77@fc2.com,Male,191.73.96.250
261,Chadd,Grellis,cgrellis78@t.co,Male,228.232.255.69
262,Kirbie,Stopps,kstopps79@aboutads.info,Female,205.26.95.79
263,Junia,Baversor,jbaversor7a@zdnet.com,Female,181.223.41.102
264,Kenneth,Pleven,kpleven7b@imgur.com,Male,160.66.170.229
265,Robert,Seignior,rseignior7c@bigcartel.com,Male,116.137.39.211
266,Paige,Tutchings,ptutchings7d@friendfeed.com,Female,122.220.42.80
267,Gabi,Degue,gdegue7e@cnet.com,Female,96.33.90.57
268,Arluene,Nolte,anolte7f@netscape.com,Female,156.133.19.203
269,Obediah,Clempton,oclempton7g@gov.uk,Male,19.101.15.189
270,Caz,Botte,cbotte7h@wordpress.org,Male,85.85.78.166
271,Massimo,Stollenbeck,mstollenbeck7i@theglobeandmail.com,Male,103.33.204.116
272,Adam,Drever,adrever7j@plala.or.jp,Male,169.155.20.181
273,Loralie,Cromwell,lcromwell7k@pbs.org,Female,187.214.28.142
274,Abbie,Wakerley,awakerley7l@google.cn,Female,189.225.219.216
275,Leanna,Denacamp,ldenacamp7m@upenn.edu,Female,236.146.21.155
276,Reece,Dradey,rdradey7n@intel.com,Male,252.179.144.106
277,Caye,Radmer,cradmer7o@rakuten.co.jp,Female,140.67.142.29
278,Feliza,Carpe,fcarpe7p@webs.com,Female,11.149.180.255
279,Jobyna,Shuard,jshuard7q@discovery.com,Female,179.119.0.71
280,Francklin,Wannell,fwannell7r@dagondesign.com,Male,20.38.50.30
281,Scotti,Penna,spenna7s@instagram.com,Male,65.247.55.6
282,Hansiain,Lorkings,hlorkings7t@photobucket.com,Male,112.222.102.51
283,Jerrie,Greenaway,jgreenaway7u@i2i.jp,Female,73.148.97.54
284,Siward,Chilles,schilles7v@indiatimes.com,Male,88.185.157.254
285,Wallie,Grabert,wgrabert7w@goodreads.com,Female,111.218.198.2
286,Brana,Growcott,bgrowcott7x@sitemeter.com,Female,187.176.152.68
287,Friederike,Littledike,flittledike7y@altervista.org,Female,156.203.176.55
288,Jacenta,Sekulla,jsekulla7z@hexun.com,Female,157.162.4.27
289,Abby,Davydkov,adavydkov80@mapquest.com,Female,136.102.117.149
290,Chester,Norway,cnorway81@cnet.com,Male,129.104.241.190
291,Iris,Snowding,isnowding82@psu.edu,Female,19.201.193.95
292,Demott,Emanuel,demanuel83@hud.gov,Male,95.13.165.214
293,Jarid,Brooksbie,jbrooksbie84@foxnews.com,Male,4.126.34.40
294,Chuck,Pentlow,cpentlow85@mapquest.com,Male,178.100.235.26
295,Vivienne,Cheales,vcheales86@sun.com,Female,26.225.189.217
296,Ben,Fantonetti,bfantonetti87@youtube.com,Male,54.235.53.10
297,Yoko,Sedgwick,ysedgwick88@alibaba.com,Female,11.73.221.94
298,Mona,Ethridge,methridge89@zdnet.com,Female,195.151.224.84
299,Harwell,Smewin,hsmewin8a@independent.co.uk,Male,89.241.25.8
300,Gabby,Moreing,gmoreing8b@cnbc.com,Male,252.158.197.9
301,Errol,Washtell,ewashtell8c@answers.com,Male,29.77.32.3
302,Nissa,Bidgood,nbidgood8d@hatena.ne.jp,Female,91.16.251.175
303,Jedediah,Hampstead,jhampstead8e@fc2.com,Male,143.59.169.225
304,Jillene,Lidyard,jlidyard8f@w3.org,Female,135.54.1.84
305,Jeramey,Hazelden,jhazelden8g@ocn.ne.jp,Male,38.24.17.238
306,Sutherlan,Beynon,sbeynon8h@patch.com,Male,223.107.185.30
307,Carver,Habbergham,chabbergham8i@auda.org.au,Male,124.97.80.7
308,Sergent,Martschik,smartschik8j@acquirethisname.com,Male,178.159.65.141
309,Wendall,Ayrs,wayrs8k@cnet.com,Male,211.237.48.24
310,Valentijn,Widdocks,vwiddocks8l@paypal.com,Male,105.14.119.21
311,Agathe,Giamuzzo,agiamuzzo8m@purevolume.com,Female,200.101.169.17
312,Bobbie,Tournie,btournie8n@latimes.com,Male,164.114.9.247
313,Sayer,Dumphries,sdumphries8o@hibu.com,Male,81.25.111.221
314,Henrie,Kopisch,hkopisch8p@tiny.cc,Female,237.111.214.94
315,Donovan,Cradey,dcradey8q@forbes.com,Male,24.68.16.203
316,Erv,Gatheridge,egatheridge8r@sourceforge.net,Male,149.20.249.222
317,Cristionna,Gatteridge,cgatteridge8s@cargocollective.com,Female,64.121.72.52
318,Thomasa,Romney,tromney8t@webnode.com,Female,168.198.10.90
319,Keriann,Easdon,keasdon8u@jigsy.com,Female,184.229.41.116
320,Alastair,Lukovic,alukovic8v@topsy.com,Male,12.29.110.61
321,Etienne,Lambertazzi,elambertazzi8w@mayoclinic.com,Male,63.102.45.231
322,Kayla,Scupham,kscupham8x@mysql.com,Female,30.26.61.178
323,Renie,Windless,rwindless8y@chicagotribune.com,Female,194.181.158.255
324,Ted,Crighton,tcrighton8z@godaddy.com,Female,155.8.149.7
325,Janifer,Zeal,jzeal90@tripadvisor.com,Female,76.31.201.235
326,Simonne,Plaskett,splaskett91@telegraph.co.uk,Female,244.176.83.109
327,Briant,Pointing,bpointing92@cyberchimps.com,Male,24.105.170.196
328,Hatty,Arens,harens93@psu.edu,Female,168.212.76.251
329,Giffy,Barefoot,gbarefoot94@timesonline.co.uk,Male,174.88.249.137
330,Justus,Gelderd,jgelderd95@dyndns.org,Male,176.117.141.38
331,Juliet,Phalip,jphalip96@biblegateway.com,Female,167.156.147.150
332,Aldrich,Simonyi,asimonyi97@reuters.com,Male,70.17.40.77
333,Dorry,Piddington,dpiddington98@webmd.com,Female,134.167.84.43
334,Simmonds,Phillippo,sphillippo99@blogger.com,Male,112.47.79.67
335,Oralle,Roja,oroja9a@cargocollective.com,Female,97.204.15.236
336,Rogerio,Shreeves,rshreeves9b@dropbox.com,Male,109.175.212.193
337,Katheryn,Westell,kwestell9c@gizmodo.com,Female,238.218.156.4
338,Flo,Hedling,fhedling9d@clickbank.net,Female,49.99.176.43
339,Berk,Slowly,bslowly9e@washington.edu,Male,46.94.13.102
340,Lynelle,Polfer,lpolfer9f@friendfeed.com,Female,10.180.104.5
341,Trueman,Uden,tuden9g@lycos.com,Male,17.172.195.225
342,Itch,Caswall,icaswall9h@tmall.com,Male,136.55.174.50
343,Donall,MacSweeney,dmacsweeney9i@jigsy.com,Male,74.170.157.77
344,Lizzy,Langshaw,llangshaw9j@twitter.com,Female,231.224.101.108
345,Sibby,Durrans,sdurrans9k@hp.com,Female,209.74.6.62
346,Cathy,Sabathier,csabathier9l@topsy.com,Female,133.64.200.69
347,Budd,Yeardsley,byeardsley9m@de.vu,Male,213.74.219.250
348,Cthrine,Stoggles,cstoggles9n@tripod.com,Female,191.239.109.232
349,Dionne,Gilbee,dgilbee9o@constantcontact.com,Female,182.35.79.250
350,Louise,Gomery,lgomery9p@newsvine.com,Female,230.107.188.191
351,Andriana,Prevost,aprevost9q@jiathis.com,Female,153.87.242.87
352,Camella,Bras,cbras9r@gravatar.com,Female,211.162.112.214
353,Jolee,Rupke,jrupke9s@wordpress.org,Female,236.68.245.63
354,Konrad,Stobbs,kstobbs9t@elpais.com,Male,50.254.245.44
355,Martin,Hardingham,mhardingham9u@vk.com,Male,110.170.239.126
356,Salvatore,Dollard,sdollard9v@cbslocal.com,Male,75.44.255.245
357,Davina,Marre,dmarre9w@wix.com,Female,18.66.0.150
358,Maryanna,Vaan,mvaan9x@ucoz.com,Female,13.113.35.121
359,Lara,Biaggelli,lbiaggelli9y@opensource.org,Female,26.86.194.59
360,Velvet,Nellen,vnellen9z@google.cn,Female,145.69.56.251
361,Aloysius,Vigrass,avigrassa0@alibaba.com,Male,253.131.126.20
362,Anson,Sweetsur,asweetsura1@unesco.org,Male,221.163.211.17
363,Verile,Raiston,vraistona2@reuters.com,Female,143.111.212.127
364,Vasilis,Goggan,vgoggana3@techcrunch.com,Male,225.153.168.223
365,Cyril,Kunzel,ckunzela4@seattletimes.com,Male,184.167.49.43
366,Deeann,Shurlock,dshurlocka5@ameblo.jp,Female,43.180.229.213
367,Serge,MacGettigen,smacgettigena6@multiply.com,Male,97.248.170.228
368,Lorant,McCreedy,lmccreedya7@unesco.org,Male,156.26.56.160
369,Blinnie,Kamall,bkamalla8@google.com.au,Female,45.252.163.187
370,Anabelle,Manna,amannaa9@census.gov,Female,45.55.64.216
371,Bevvy,Senescall,bsenescallaa@google.cn,Female,124.67.11.216
372,Kaylee,Galler,kgallerab@github.com,Female,238.9.41.10
373,Joshua,Considine,jconsidineac@cafepress.com,Male,254.168.97.46
374,Sally,Ronchetti,sronchettiad@t.co,Female,171.71.213.202
375,Beulah,Korneluk,bkornelukae@devhub.com,Female,243.227.203.218
376,Sax,Mapson,smapsonaf@opensource.org,Male,169.23.169.148
377,Angelika,McEniry,amceniryag@state.gov,Female,54.251.7.142
378,Sherwynd,O'Hallagan,sohallaganah@csmonitor.com,Male,163.206.45.97
379,Faythe,Brizland,fbrizlandai@1688.com,Female,93.243.161.139
380,Reggi,Richard,rrichardaj@amazon.de,Female,121.73.230.232
381,Temple,Hartless,thartlessak@springer.com,Male,200.123.193.38
382,Modestia,Attenborrow,mattenborrowal@smugmug.com,Female,249.173.58.167
383,Garek,Jonathon,gjonathonam@exblog.jp,Male,232.197.20.253
384,Janeva,Runciman,jruncimanan@mtv.com,Female,70.77.55.188
385,Devan,Berrycloth,dberryclothao@samsung.com,Female,102.182.98.113
386,Phebe,Kilsby,pkilsbyap@sina.com.cn,Female,67.63.235.143
387,Antin,Peltzer,apeltzeraq@odnoklassniki.ru,Male,232.194.200.196
388,Vaughan,Dunn,vdunnar@webs.com,Male,130.91.60.40
389,Penelopa,Breslane,pbreslaneas@reverbnation.com,Female,49.122.57.234
390,Jarad,Balding,jbaldingat@discuz.net,Male,60.231.180.149
391,Bathsheba,Gercken,bgerckenau@jimdo.com,Female,185.95.172.45
392,Rafaela,Skaife,rskaifeav@pbs.org,Female,164.110.50.153
393,Lezlie,Fussey,lfusseyaw@fastcompany.com,Female,254.148.127.182
394,Garreth,Liquorish,gliquorishax@qq.com,Male,60.61.178.105
395,Dallon,McCutheon,dmccutheonay@exblog.jp,Male,47.128.243.60
396,Vanya,Moizer,vmoizeraz@example.com,Male,54.150.193.193
397,Byrle,Moneypenny,bmoneypennyb0@odnoklassniki.ru,Male,228.182.174.86
398,Giacomo,Foltin,gfoltinb1@netlog.com,Male,246.226.136.130
399,Jarvis,Thody,jthodyb2@elegantthemes.com,Male,51.86.62.133
400,Mortimer,Voce,mvoceb3@unblog.fr,Male,111.130.165.253
401,Wandis,Quinane,wquinaneb4@blogger.com,Female,168.64.150.7
402,Zelda,Waldock,zwaldockb5@google.co.jp,Female,200.69.143.93
403,Malory,Chiplin,mchiplinb6@i2i.jp,Female,31.193.159.202
404,Byron,Woolward,bwoolwardb7@oaic.gov.au,Male,13.219.149.87
405,Noel,Gerrard,ngerrardb8@is.gd,Female,111.192.198.235
406,Brody,Alliband,ballibandb9@symantec.com,Male,94.115.48.140
407,Philipa,Blinman,pblinmanba@archive.org,Female,98.194.154.199
408,Maryanna,Hughill,mhughillbb@squarespace.com,Female,11.172.144.144
409,Kimmi,Simecek,ksimecekbc@diigo.com,Female,105.15.199.255
410,Doug,Wyard,dwyardbd@zimbio.com,Male,60.99.35.29
411,Sarine,Krier,skrierbe@yelp.com,Female,63.225.178.217
412,Lenora,Yerby,lyerbybf@blog.com,Female,23.120.95.168
413,Dannie,McPhilemy,dmcphilemybg@va.gov,Male,149.90.124.89
414,Kanya,Leggatt,kleggattbh@soup.io,Female,163.232.249.187
415,Christen,Jenken,cjenkenbi@weebly.com,Female,238.215.100.147
416,Janela,Di Bernardo,jdibernardobj@earthlink.net,Female,5.29.15.51
417,Daria,D'Errico,dderricobk@exblog.jp,Female,9.208.75.76
418,Sascha,Stiggers,sstiggersbl@rambler.ru,Male,110.15.250.112
419,Catie,Dennant,cdennantbm@globo.com,Female,222.20.170.102
420,Erma,Maddinon,emaddinonbn@wikia.com,Female,49.7.156.182
421,Bat,Castanaga,bcastanagabo@devhub.com,Male,116.90.124.166
422,Iggie,MacTerrelly,imacterrellybp@techcrunch.com,Male,187.67.180.15
423,Jayne,Jelk,jjelkbq@yandex.ru,Female,169.111.112.102
424,Hershel,Brierley,hbrierleybr@fema.gov,Male,96.134.90.253
425,Ronalda,Saphin,rsaphinbs@nhs.uk,Female,222.105.239.67
426,Octavius,Scholcroft,oscholcroftbt@oakley.com,Male,57.32.206.182
427,Ossie,Efford,oeffordbu@nps.gov,Male,73.173.204.85
428,Obie,Behrendsen,obehrendsenbv@kickstarter.com,Male,194.93.129.115
429,Arie,Warlton,awarltonbw@nydailynews.com,Male,140.50.222.187
430,Tiffanie,Evequot,tevequotbx@tinyurl.com,Female,51.147.90.224
431,Tod,Stowe,tstoweby@toplist.cz,Male,150.42.37.36
432,Emmie,Dallimare,edallimarebz@icq.com,Female,153.227.20.49
433,Sandor,Doughartie,sdoughartiec0@macromedia.com,Male,208.124.85.139
434,Andreas,Caseborne,acasebornec1@google.nl,Male,1.11.29.152
435,Rikki,McKendo,rmckendoc2@nytimes.com,Female,132.162.175.26
436,Malory,Barneveld,mbarneveldc3@epa.gov,Female,169.8.53.67
437,Noach,Bosence,nbosencec4@unblog.fr,Male,48.195.126.36
438,Mildred,Gulley,mgulleyc5@dion.ne.jp,Female,17.58.36.223
439,Julio,Burtwhistle,jburtwhistlec6@google.com.hk,Male,106.52.29.206
440,Eduino,Dibb,edibbc7@illinois.edu,Male,95.63.89.77
441,Byrle,Olenikov,bolenikovc8@cisco.com,Male,84.250.119.88
442,Lurline,Gabits,lgabitsc9@independent.co.uk,Female,56.98.236.70
443,Web,McCourt,wmccourtca@cloudflare.com,Male,225.241.213.15
444,Arte,Suerz,asuerzcb@pagesperso-orange.fr,Male,127.89.190.190
445,Caria,Swayte,cswaytecc@nifty.com,Female,200.217.125.66
446,Mikkel,Haggarty,mhaggartycd@printfriendly.com,Male,230.148.30.154
447,Felicdad,Shade,fshadece@weather.com,Female,32.56.210.220
448,Stephan,Bulfit,sbulfitcf@mit.edu,Male,162.178.83.31
449,Angelica,Yousef,ayousefcg@sourceforge.net,Female,155.64.115.163
450,Adrian,Portsmouth,aportsmouthch@mtv.com,Female,48.246.189.55
451,Melloney,O'Regan,moreganci@unc.edu,Female,104.139.161.61
452,Annadiane,Sail,asailcj@163.com,Female,151.148.46.60
453,Bennie,Denisovo,bdenisovock@google.co.jp,Male,156.157.217.43
454,Igor,Jacks,ijackscl@upenn.edu,Male,119.94.152.87
455,Lenci,Gawith,lgawithcm@miitbeian.gov.cn,Male,41.164.217.212
456,Tiena,Bronger,tbrongercn@google.cn,Female,23.112.166.0
457,Engracia,Schooley,eschooleyco@bizjournals.com,Female,214.14.92.113
458,Sven,Applewhite,sapplewhitecp@vistaprint.com,Male,197.188.42.22
459,Bax,Tichner,btichnercq@mac.com,Male,42.238.8.209
460,Maitilde,Sendall,msendallcr@rediff.com,Female,11.177.128.255
461,Cordelia,Crain,ccraincs@ehow.com,Female,140.105.160.48
462,Clim,McNalley,cmcnalleyct@salon.com,Male,76.250.10.133
463,Jose,Castagne,jcastagnecu@amazonaws.com,Male,255.133.56.173
464,Marjory,Kapiloff,mkapiloffcv@acquirethisname.com,Female,160.91.110.148
465,Bartholomew,Luchelli,bluchellicw@ustream.tv,Male,156.6.146.224
466,Ad,Krug,akrugcx@symantec.com,Male,142.154.165.244
467,Sondra,Staziker,sstazikercy@diigo.com,Female,21.210.110.160
468,Lynda,Dawltrey,ldawltreycz@china.com.cn,Female,17.189.126.23
469,Becca,Winsborrow,bwinsborrowd0@who.int,Female,145.101.56.27
470,Barney,Blaisdale,bblaisdaled1@jiathis.com,Male,82.170.26.22
471,Philip,Wedderburn,pwedderburnd2@nifty.com,Male,10.60.51.176
472,Davey,Rens,drensd3@slideshare.net,Male,195.61.137.82
473,Isak,Curnock,icurnockd4@nih.gov,Male,144.83.216.43
474,Darcy,Savell,dsavelld5@studiopress.com,Male,209.243.220.157
475,Lara,Stennine,lstennined6@studiopress.com,Female,9.29.7.8
476,Sascha,Spruce,sspruced7@bigcartel.com,Female,147.189.154.21
477,Fayth,Shird,fshirdd8@washington.edu,Female,109.153.34.11
478,Tandie,Jacobsson,tjacobssond9@yahoo.com,Female,219.224.255.1
479,Clarey,Stapforth,cstapforthda@uol.com.br,Female,239.33.193.107
480,Wolfie,Duprey,wdupreydb@craigslist.org,Male,247.51.206.188
481,Eleonora,Volonte,evolontedc@berkeley.edu,Female,112.23.236.7
482,Evvie,Gorring,egorringdd@lycos.com,Female,224.64.98.174
483,Meagan,Petzolt,mpetzoltde@wikispaces.com,Female,231.35.154.191
484,Nalani,McDiarmid,nmcdiarmiddf@smugmug.com,Female,102.210.114.108
485,Aguistin,Burlingame,aburlingamedg@cocolog-nifty.com,Male,169.54.120.16
486,Evyn,Kliemke,ekliemkedh@last.fm,Male,69.112.150.33
487,Clevey,Darell,cdarelldi@homestead.com,Male,40.191.254.44
488,Berri,Thickett,bthickettdj@a8.net,Female,254.112.97.20
489,Ryley,Crusham,rcrushamdk@wp.com,Male,158.215.246.218
490,Tallie,Eicke,teickedl@icio.us,Male,113.131.145.153
491,Brittney,Hanssmann,bhanssmanndm@mashable.com,Female,224.91.91.192
492,Alonso,Nickoll,anickolldn@oracle.com,Male,233.30.117.171
493,Artemus,Tamas,atamasdo@webnode.com,Male,119.184.241.194
494,Alister,McClary,amcclarydp@wordpress.org,Male,175.209.136.134
495,Aurthur,Piggott,apiggottdq@gnu.org,Male,173.110.47.198
496,Zacherie,Von Hindenburg,zvonhindenburgdr@bbb.org,Male,181.61.1.175
497,Arlen,Sturdy,asturdyds@opera.com,Male,121.86.77.244
498,Erasmus,Robertshaw,erobertshawdt@homestead.com,Male,151.53.107.49
499,Liva,Fundell,lfundelldu@nature.com,Female,251.81.56.86
500,Genia,Kille,gkilledv@trellian.com,Female,95.156.128.6
501,Nissa,Elgie,nelgiedw@icq.com,Female,70.0.65.22
502,Iago,Dorman,idormandx@themeforest.net,Male,187.173.200.120
503,Hewe,Shakelade,hshakeladedy@1688.com,Male,160.255.126.164
504,Svend,Pitkins,spitkinsdz@hostgator.com,Male,8.46.207.71
505,Moise,Senter,msentere0@sina.com.cn,Male,225.212.28.65
506,Maxim,Vertigan,mvertigane1@tinypic.com,Male,52.152.132.144
507,Paddy,Radeliffe,pradeliffee2@sakura.ne.jp,Male,251.185.223.160
508,Yule,Shea,ysheae3@newyorker.com,Male,212.115.197.60
509,Raphael,Dyos,rdyose4@icio.us,Male,20.196.130.1
510,Merrel,Gannon,mgannone5@vinaora.com,Male,113.102.104.182
511,Lou,Geraldi,lgeraldie6@soundcloud.com,Male,61.71.226.188
512,Delmer,La Rosa,dlarosae7@netvibes.com,Male,26.187.127.174
513,Yetty,Finch,yfinche8@qq.com,Female,121.120.212.78
514,Blair,Brogi,bbrogie9@mit.edu,Male,173.37.126.32
515,Mira,Dawbury,mdawburyea@wunderground.com,Female,116.124.187.80
516,Amerigo,Hanshaw,ahanshaweb@zdnet.com,Male,226.203.95.208
517,Vite,Oldcroft,voldcroftec@e-recht24.de,Male,118.165.50.36
518,Esme,Vizard,evizarded@hc360.com,Male,78.232.89.157
519,Odele,Barns,obarnsee@nytimes.com,Female,129.129.75.138
520,Jacquie,Pinsent,jpinsentef@adobe.com,Female,238.84.29.214
521,Lian,Holburn,lholburneg@github.com,Female,20.145.64.238
522,Shanan,Whittenbury,swhittenburyeh@youku.com,Male,26.59.8.195
523,Vivienne,Dyble,vdybleei@ycombinator.com,Female,87.160.248.134
524,Galvan,Hiddersley,ghiddersleyej@sogou.com,Male,89.40.125.181
525,Zack,Pincked,zpinckedek@people.com.cn,Male,212.204.17.152
526,Jewelle,Butten,jbuttenel@businessweek.com,Female,63.88.65.113
527,Claus,Atrill,catrillem@livejournal.com,Male,93.135.82.95
528,Abbott,Twyning,atwyningen@dailymotion.com,Male,76.164.62.164
529,Garik,Vergine,gvergineeo@qq.com,Male,80.28.128.212
530,Zolly,Turneaux,zturneauxep@kickstarter.com,Male,52.247.8.157
531,Bram,Lismore,blismoreeq@etsy.com,Male,189.70.58.251
532,Peirce,Acreman,pacremaner@seesaa.net,Male,141.19.73.223
533,Noach,Quainton,nquaintones@nymag.com,Male,122.35.216.24
534,Debra,Essame,dessameet@cnbc.com,Female,52.65.90.254
535,Lesley,Truckell,ltruckelleu@mediafire.com,Male,1.95.233.173
536,Othello,Faier,ofaierev@yale.edu,Male,88.72.242.155
537,Phebe,Wardrope,pwardropeew@cocolog-nifty.com,Female,87.216.185.110
538,Ann-marie,De Ortega,adeortegaex@example.com,Female,12.253.14.199
539,Matteo,Brearton,mbreartoney@eepurl.com,Male,131.184.35.87
540,Huey,Dreher,hdreherez@livejournal.com,Male,78.117.241.149
541,Lilias,Grzegorek,lgrzegorekf0@netscape.com,Female,232.121.227.48
542,Durant,MacVean,dmacveanf1@illinois.edu,Male,107.118.43.88
543,Thomasina,Codner,tcodnerf2@paginegialle.it,Female,6.7.71.244
544,Corbet,Pietzner,cpietznerf3@newyorker.com,Male,147.10.97.166
545,Faith,Royan,froyanf4@wordpress.com,Female,45.133.127.16
546,Myrna,Botterill,mbotterillf5@jugem.jp,Female,48.102.191.117
547,Dalia,Ind,dindf6@usda.gov,Female,210.126.42.126
548,Ariadne,Zorzetti,azorzettif7@google.com,Female,160.209.138.165
549,Aldric,Aubert,aaubertf8@rakuten.co.jp,Male,102.83.213.70
550,Garland,Jillions,gjillionsf9@privacy.gov.au,Female,120.130.163.58
551,Dulcinea,Paddingdon,dpaddingdonfa@w3.org,Female,105.102.231.29
552,Desmund,Folcarelli,dfolcarellifb@omniture.com,Male,229.32.74.209
553,Dionysus,Rodenborch,drodenborchfc@purevolume.com,Male,193.109.227.18
554,Patty,Knewstub,pknewstubfd@psu.edu,Female,214.14.8.77
555,Aida,Tupp,atuppfe@chicagotribune.com,Female,162.115.110.40
556,Finn,Garnsworthy,fgarnsworthyff@artisteer.com,Male,151.200.171.216
557,Curtice,Pudner,cpudnerfg@weibo.com,Male,212.172.201.175
558,Danette,Cassey,dcasseyfh@de.vu,Female,59.105.236.12
559,Edmund,Wailes,ewailesfi@csmonitor.com,Male,44.2.173.184
560,Garfield,Pillans,gpillansfj@jiathis.com,Male,200.50.85.113
561,Algernon,Brogiotti,abrogiottifk@simplemachines.org,Male,78.95.85.112
562,Trevor,Kobelt,tkobeltfl@delicious.com,Male,41.181.192.160
563,Emmett,Cuming,ecumingfm@sphinn.com,Male,135.126.187.63
564,Thomasina,Lorain,tlorainfn@miibeian.gov.cn,Female,193.115.222.243
565,Ignaz,Melmar,imelmarfo@zdnet.com,Male,241.144.111.222
566,Corny,Mannooch,cmannoochfp@chron.com,Female,6.208.26.140
567,Aura,Nardrup,anardrupfq@google.de,Female,191.225.136.88
568,Mano,Drejer,mdrejerfr@51.la,Male,130.207.29.12
569,Marci,Label,mlabelfs@hubpages.com,Female,171.204.104.162
570,Neddy,Delgado,ndelgadoft@taobao.com,Male,126.103.31.0
571,Esteban,Heymann,eheymannfu@comsenz.com,Male,159.204.153.115
572,Georgiana,McKeney,gmckeneyfv@nsw.gov.au,Female,136.53.116.197
573,Ira,Gashion,igashionfw@posterous.com,Male,232.243.19.122
574,Virgil,Tansley,vtansleyfx@deliciousdays.com,Male,134.56.175.212
575,Erin,Fearick,efearickfy@google.fr,Male,238.172.132.75
576,Babbie,Risley,brisleyfz@merriam-webster.com,Female,114.184.198.222
577,Korney,Stranger,kstrangerg0@fastcompany.com,Female,44.145.31.144
578,Cymbre,Wabersich,cwabersichg1@digg.com,Female,221.45.103.147
579,Emmerich,McCormick,emccormickg2@geocities.com,Male,38.201.131.150
580,Alejandra,Haily,ahailyg3@weather.com,Female,182.80.215.196
581,Ruthe,Hedde,rheddeg4@wisc.edu,Female,221.108.46.117
582,Wainwright,Shingles,wshinglesg5@friendfeed.com,Male,9.169.83.51
583,Johnathan,Lyvon,jlyvong6@sbwire.com,Male,164.84.141.58
584,Salvador,Ricciardiello,sricciardiellog7@google.com.br,Male,40.194.156.141
585,Peadar,Fowlie,pfowlieg8@jimdo.com,Male,185.77.116.206
586,Donnie,Lotte,dlotteg9@samsung.com,Male,201.192.126.138
587,Florri,Jessett,fjessettga@so-net.ne.jp,Female,24.188.9.64
588,Hazel,Menci,hmencigb@yale.edu,Male,236.144.175.144
589,Pietra,Blenkinship,pblenkinshipgc@youku.com,Female,150.250.243.200
590,Dusty,Lytlle,dlytllegd@eepurl.com,Female,153.110.30.193
591,Darbee,Vacher,dvacherge@japanpost.jp,Male,21.176.147.39
592,Tamera,Pretswell,tpretswellgf@lulu.com,Female,117.162.202.54
593,Leela,Reek,lreekgg@state.tx.us,Female,187.227.224.246
594,Lek,Everson,leversongh@acquirethisname.com,Male,123.94.220.61
595,Rubie,Ivanichev,rivanichevgi@devhub.com,Female,20.53.215.199
596,Hurleigh,Sayer,hsayergj@reuters.com,Male,179.178.189.135
597,Wanda,Kellen,wkellengk@indiatimes.com,Female,81.236.116.187
598,Aloise,Maguire,amaguiregl@techcrunch.com,Female,60.199.23.83
599,Yancy,Fowlestone,yfowlestonegm@networkadvertising.org,Male,170.173.155.253
600,Jany,Gofford,jgoffordgn@discovery.com,Female,19.200.38.232
601,Meredith,Dumini,mduminigo@businessweek.com,Male,226.129.18.32
602,Anabal,Stairmond,astairmondgp@bigcartel.com,Female,110.99.169.174
603,Marietta,Bernardini,mbernardinigq@mozilla.org,Female,130.248.59.213
604,Abra,Poppleston,apopplestongr@google.fr,Female,213.59.95.31
605,Aurelia,Biddwell,abiddwellgs@unesco.org,Female,163.232.79.52
606,Francisco,Dye,fdyegt@opera.com,Male,74.0.179.0
607,Gonzalo,Steggles,gstegglesgu@printfriendly.com,Male,190.115.173.14
608,Noby,Custed,ncustedgv@scribd.com,Male,176.67.100.27
609,Julianne,Satyford,jsatyfordgw@ning.com,Female,174.171.74.25
610,Ingeberg,Drinan,idrinangx@bloomberg.com,Female,63.102.16.158
611,Milty,Wardhaugh,mwardhaughgy@comcast.net,Male,116.111.184.117
612,Kippy,Easterbrook,keasterbrookgz@hc360.com,Female,214.94.59.36
613,Roberto,Kliement,rkliementh0@independent.co.uk,Male,240.144.200.112
614,Luelle,Cobelli,lcobellih1@google.nl,Female,108.161.207.245
615,De witt,McGinn,dmcginnh2@boston.com,Male,226.244.194.76
616,Eli,Camplen,ecamplenh3@admin.ch,Male,236.201.243.204
617,Mead,Woollends,mwoollendsh4@edublogs.org,Female,246.202.162.250
618,Mabelle,Gradley,mgradleyh5@miibeian.gov.cn,Female,59.180.49.9
619,Mendy,Engledow,mengledowh6@stanford.edu,Male,25.119.196.165
620,Sunshine,Klaaasen,sklaaasenh7@hugedomains.com,Female,160.114.77.0
621,Sonja,Masser,smasserh8@prweb.com,Female,19.214.82.112
622,Rodrick,Quilkin,rquilkinh9@jimdo.com,Male,47.171.98.2
623,Bekki,Billingsly,bbillingslyha@nih.gov,Female,17.45.134.145
624,Sandra,Emmert,semmerthb@unblog.fr,Female,168.94.235.240
625,Fiorenze,Dessant,fdessanthc@taobao.com,Female,37.53.80.163
626,Olly,MacCoughan,omaccoughanhd@chicagotribune.com,Male,225.139.239.42
627,Nellie,Smither,nsmitherhe@friendfeed.com,Female,144.79.94.105
628,Gran,Reddin,greddinhf@cbsnews.com,Male,251.181.217.62
629,Kristy,Solloway,ksollowayhg@opera.com,Female,8.115.194.53
630,Alfy,Scammonden,ascammondenhh@statcounter.com,Male,148.133.98.10
631,Dionne,Gilham,dgilhamhi@admin.ch,Female,63.54.199.180
632,Megan,Giffkins,mgiffkinshj@kickstarter.com,Female,95.63.169.209
633,Prudence,Gendrich,pgendrichhk@businesswire.com,Female,141.136.13.163
634,Rriocard,Farres,rfarreshl@engadget.com,Male,93.37.168.7
635,Alecia,Sherborne,asherbornehm@arizona.edu,Female,64.143.90.14
636,Gareth,Davidovitz,gdavidovitzhn@europa.eu,Male,92.232.196.171
637,Janenna,Canet,jcanetho@last.fm,Female,166.202.45.113
638,Vonni,Yerrell,vyerrellhp@amazon.co.uk,Female,54.76.17.71
639,Elisha,Dinesen,edinesenhq@google.com.au,Male,2.237.166.157
640,Matelda,Damrell,mdamrellhr@ftc.gov,Female,154.28.161.156
641,Eloise,Grote,egrotehs@stanford.edu,Female,214.251.123.94
642,Lorette,Tuxill,ltuxillht@about.com,Female,100.132.42.95
643,Lita,Shuker,lshukerhu@canalblog.com,Female,233.109.106.37
644,Allene,Sparwell,asparwellhv@rakuten.co.jp,Female,101.215.166.245
645,Angelia,Huddles,ahuddleshw@nature.com,Female,236.117.185.166
646,Nolly,Backler,nbacklerhx@unc.edu,Male,97.185.254.73
647,Niles,Stenson,nstensonhy@php.net,Male,49.28.180.250
648,Freda,Bonnell,fbonnellhz@imgur.com,Female,130.152.149.61
649,Lanny,Elsby,lelsbyi0@army.mil,Male,217.83.44.151
650,Fulvia,Haizelden,fhaizeldeni1@europa.eu,Female,71.216.151.186
651,Joell,Downing,jdowningi2@illinois.edu,Female,125.91.218.53
652,Cosmo,Charlson,ccharlsoni3@woothemes.com,Male,156.222.48.3
653,Gerard,Lynes,glynesi4@biglobe.ne.jp,Male,193.21.190.194
654,Rufus,De Bruijne,rdebruijnei5@npr.org,Male,249.144.201.215
655,Maighdiln,Willicott,mwillicotti6@altervista.org,Female,31.222.215.35
656,Farr,Borge,fborgei7@disqus.com,Male,180.88.202.244
657,Shena,Carter,scarteri8@cam.ac.uk,Female,9.5.56.200
658,Cookie,Channer,cchanneri9@geocities.com,Female,93.153.70.11
659,Clarance,Beneze,cbenezeia@studiopress.com,Male,173.109.200.187
660,Leeanne,Nassy,lnassyib@edublogs.org,Female,149.172.27.224
661,Christoph,Kingsmill,ckingsmillic@pcworld.com,Male,223.154.192.128
662,Nicol,Noddles,nnoddlesid@unblog.fr,Female,87.20.148.95
663,Clemmy,McFall,cmcfallie@forbes.com,Male,243.16.174.98
664,Maiga,Dennidge,mdennidgeif@businessweek.com,Female,22.122.61.4
665,Hal,McGillivrie,hmcgillivrieig@bloglines.com,Male,82.49.67.173
666,Trev,Schole,tscholeih@google.fr,Male,156.40.214.92
667,Dena,Ferreiro,dferreiroii@tinypic.com,Female,96.239.230.12
668,Roch,Albiston,ralbistonij@studiopress.com,Female,93.113.225.63
669,Lewie,Nelius,lneliusik@nbcnews.com,Male,57.7.10.38
670,Parrnell,Powlesland,ppowleslandil@phoca.cz,Male,200.167.202.40
671,Jordan,Tidbold,jtidboldim@bing.com,Male,220.164.45.66
672,Eadmund,Chiplin,echiplinin@bigcartel.com,Male,182.17.0.35
673,Lee,Dain,ldainio@samsung.com,Female,75.144.91.71
674,Cherlyn,Ollenbuttel,collenbuttelip@ucla.edu,Female,149.18.236.9
675,Dominick,Tuckie,dtuckieiq@github.com,Male,32.178.131.126
676,Quintus,Birdis,qbirdisir@gov.uk,Male,111.144.227.127
677,Luce,Ledbury,lledburyis@tuttocitta.it,Female,106.86.234.237
678,Nolly,Gotthard,ngotthardit@mysql.com,Male,246.173.139.93
679,Philly,MacNulty,pmacnultyiu@comcast.net,Female,174.166.34.21
680,Stafani,Lewington,slewingtoniv@discovery.com,Female,240.41.161.250
681,Lammond,Lidgerton,llidgertoniw@cafepress.com,Male,203.184.94.72
682,Creight,Spellessy,cspellessyix@gravatar.com,Male,131.22.52.75
683,Derby,Coat,dcoatiy@youku.com,Male,255.74.49.207
684,Jasmina,Choulerton,jchoulertoniz@dion.ne.jp,Female,57.195.115.112
685,Sophia,Sotheron,ssotheronj0@tmall.com,Female,254.22.147.193
686,Philly,McParlin,pmcparlinj1@buzzfeed.com,Female,165.210.235.160
687,Fax,Gallimore,fgallimorej2@fema.gov,Male,36.216.33.30
688,Micheline,Greatrex,mgreatrexj3@skyrock.com,Female,105.45.141.163
689,Tessy,Acott,tacottj4@tinyurl.com,Female,200.59.192.16
690,Abby,Locks,alocksj5@jigsy.com,Male,57.70.195.16
691,Kelly,Purvey,kpurveyj6@apache.org,Female,230.133.96.151
692,Oliver,Fogel,ofogelj7@amazon.de,Male,41.67.36.5
693,Abbi,Tingley,atingleyj8@epa.gov,Female,81.163.150.178
694,Emyle,Szach,eszachj9@ovh.net,Female,114.252.110.169
695,Doti,Caraher,dcaraherja@woothemes.com,Female,71.55.22.237
696,Jermaine,Ashbridge,jashbridgejb@goo.ne.jp,Female,93.147.164.146
697,Sayres,Duffet,sduffetjc@homestead.com,Male,40.56.50.239
698,Sephira,Sherrin,ssherrinjd@admin.ch,Female,171.70.181.218
699,Jesus,Mattys,jmattysje@google.com.au,Male,185.109.248.61
700,Malachi,Solon,msolonjf@goodreads.com,Male,100.242.128.200
701,Leo,Vasler,lvaslerjg@sourceforge.net,Male,166.10.123.11
702,Johnath,McCreery,jmccreeryjh@yellowpages.com,Female,248.176.228.21
703,Alex,Assandri,aassandriji@seattletimes.com,Male,223.208.244.73
704,Lorne,Edgeon,ledgeonjj@mtv.com,Female,165.206.127.240
705,Renata,Goom,rgoomjk@xrea.com,Female,130.199.35.155
706,Lara,Lattimer,llattimerjl@unblog.fr,Female,61.54.98.247
707,Morley,Gotthard,mgotthardjm@fda.gov,Male,163.254.217.201
708,Jo-anne,Foker,jfokerjn@facebook.com,Female,179.167.22.3
709,Ethyl,Bosnell,ebosnelljo@dion.ne.jp,Female,47.66.112.152
710,Jannelle,Careswell,jcareswelljp@thetimes.co.uk,Female,87.56.209.109
711,Dennis,Imlaw,dimlawjq@jimdo.com,Male,132.164.225.30
712,Ashien,Fitzpatrick,afitzpatrickjr@t.co,Female,211.204.112.233
713,Ariela,Denerley,adenerleyjs@samsung.com,Female,118.19.191.194
714,Coralyn,Bigby,cbigbyjt@privacy.gov.au,Female,56.198.85.164
715,Chrystal,Dunkerly,cdunkerlyju@europa.eu,Female,223.91.189.44
716,Matelda,St Quenin,mstqueninjv@weebly.com,Female,24.172.35.51
717,Lamont,Tailour,ltailourjw@skyrock.com,Male,46.233.61.105
718,Caresse,Nertney,cnertneyjx@ebay.com,Female,156.143.209.24
719,Orbadiah,McVee,omcveejy@imgur.com,Male,254.230.145.71
720,Ruthann,Gibbe,rgibbejz@nature.com,Female,95.183.245.178
721,Hernando,Chasteney,hchasteneyk0@google.it,Male,239.131.190.185
722,Janet,Rosenthal,jrosenthalk1@mozilla.com,Female,185.106.112.76
723,Jacinta,D'eye,jdeyek2@last.fm,Female,126.42.236.169
724,Filmore,Bliven,fblivenk3@a8.net,Male,172.88.111.55
725,Bert,Cutriss,bcutrissk4@w3.org,Male,14.173.219.119
726,Gail,Leather,gleatherk5@msn.com,Female,188.55.161.191
727,Sherilyn,Leighfield,sleighfieldk6@e-recht24.de,Female,80.184.15.26
728,Erika,Dober,edoberk7@smh.com.au,Female,168.85.190.147
729,Iggie,Simond,isimondk8@cdc.gov,Male,218.55.191.138
730,Susann,Lupson,slupsonk9@hatena.ne.jp,Female,75.147.230.230
731,Juliette,Colleran,jcolleranka@fc2.com,Female,70.64.183.237
732,Haily,Jacobowitz,hjacobowitzkb@livejournal.com,Female,106.86.89.38
733,Anderson,Ridesdale,aridesdalekc@imgur.com,Male,154.250.145.14
734,Morgan,Gibbetts,mgibbettskd@cargocollective.com,Female,208.10.114.108
735,Rafaelita,Pittem,rpittemke@europa.eu,Female,52.217.252.128
736,Mora,Cathery,mcatherykf@uol.com.br,Female,10.120.121.134
737,Cynthia,Cannicott,ccannicottkg@ebay.co.uk,Female,33.6.48.133
738,Samuel,Haines,shaineskh@sciencedirect.com,Male,78.201.141.231
739,Tam,Hacker,thackerki@amazon.com,Male,193.89.89.137
740,Clerc,Townrow,ctownrowkj@yellowpages.com,Male,188.189.218.8
741,Emiline,Coneron,econeronkk@tamu.edu,Female,137.142.201.233
742,Frans,Hansell,fhansellkl@forbes.com,Male,11.128.114.170
743,Boris,Rau,braukm@zimbio.com,Male,99.40.26.34
744,Yurik,Jumonet,yjumonetkn@japanpost.jp,Male,57.171.31.163
745,Urbain,Stone Fewings,ustonefewingsko@scientificamerican.com,Male,246.69.219.74
746,Elana,Halleybone,ehalleybonekp@ft.com,Female,1.47.234.7
747,Orson,Davidov,odavidovkq@discovery.com,Male,56.214.202.61
748,Guglielmo,Hanretty,ghanrettykr@cbsnews.com,Male,40.46.254.204
749,Flossy,Hablot,fhablotks@ucoz.ru,Female,159.150.41.131
750,Amalea,Caudwell,acaudwellkt@macromedia.com,Female,148.216.1.125
751,Gaven,Eckly,gecklyku@github.io,Male,233.73.192.187
752,Fritz,Tommeo,ftommeokv@youtube.com,Male,195.135.230.180
753,Joleen,Dubock,jdubockkw@epa.gov,Female,124.109.236.98
754,Novelia,Fernant,nfernantkx@columbia.edu,Female,163.195.243.142
755,Elsa,Hanratty,ehanrattyky@mac.com,Female,211.93.105.138
756,Pierre,Ollerhad,pollerhadkz@cornell.edu,Male,207.118.140.204
757,Hakim,Randalston,hrandalstonl0@jalbum.net,Male,147.247.83.226
758,Kerk,Rooze,kroozel1@yale.edu,Male,64.107.129.88
759,Hailey,Lodovichi,hlodovichil2@google.fr,Male,131.109.174.194
760,Tatum,Battabee,tbattabeel3@yellowpages.com,Female,228.0.255.58
761,Milka,Aburrow,maburrowl4@dion.ne.jp,Female,195.198.107.83
762,Hanni,Le Moucheux,hlemoucheuxl5@wikispaces.com,Female,224.62.123.40
763,Bird,Mochar,bmocharl6@youtu.be,Female,96.44.115.56
764,Rockwell,Halliwell,rhalliwelll7@slideshare.net,Male,103.170.161.185
765,Bobby,Preene,bpreenel8@naver.com,Male,194.191.255.168
766,Paxton,Duthie,pduthiel9@amazon.co.jp,Male,10.31.1.179
767,Buddie,Phalip,bphalipla@ameblo.jp,Male,248.235.7.206
768,Freedman,Lynskey,flynskeylb@hubpages.com,Male,1.16.214.49
769,Whitman,Radden,wraddenlc@icq.com,Male,89.168.150.135
770,Tanya,Hamnett,thamnettld@google.de,Female,40.45.119.249
771,Carey,Slocket,cslocketle@is.gd,Male,128.17.216.181
772,Rab,Jupp,rjupplf@ted.com,Male,51.98.109.88
773,Rae,Shard,rshardlg@salon.com,Female,11.245.4.179
774,Chanda,Garthshore,cgarthshorelh@joomla.org,Female,137.157.247.44
775,Mireille,Paradis,mparadisli@mayoclinic.com,Female,45.186.23.68
776,Gabriella,Whitelaw,gwhitelawlj@dell.com,Female,151.166.36.2
777,Blanca,Rikard,brikardlk@fema.gov,Female,195.42.76.254
778,Logan,Rudge,lrudgell@abc.net.au,Male,76.23.101.214
779,Dacey,Moy,dmoylm@slate.com,Female,17.30.229.167
780,Phip,Braysher,pbraysherln@unblog.fr,Male,249.3.174.184
781,Kellby,Shucksmith,kshucksmithlo@linkedin.com,Male,24.151.2.141
782,Lilah,Fitch,lfitchlp@ow.ly,Female,143.22.49.150
783,Melesa,Wanka,mwankalq@sfgate.com,Female,64.183.243.130
784,Ermentrude,Ouldcott,eouldcottlr@gizmodo.com,Female,108.148.96.45
785,Jarrod,Burfoot,jburfootls@ifeng.com,Male,228.11.163.244
786,Vanessa,Loveless,vlovelesslt@etsy.com,Female,0.151.252.111
787,Daniel,Biers,dbierslu@archive.org,Male,12.24.239.205
788,Cornie,Groomebridge,cgroomebridgelv@slashdot.org,Female,11.237.96.99
789,Kit,Morillas,kmorillaslw@pbs.org,Female,181.77.37.98
790,Abby,Mallebone,amallebonelx@dot.gov,Male,128.215.143.142
791,Carola,McRobb,cmcrobbly@cam.ac.uk,Female,92.19.234.91
792,Lela,Curnow,lcurnowlz@forbes.com,Female,249.162.9.205
793,Bertina,Borges,bborgesm0@t-online.de,Female,157.80.53.154
794,Corty,Budden,cbuddenm1@japanpost.jp,Male,96.18.144.184
795,Hermann,Robberecht,hrobberechtm2@google.com,Male,26.215.114.90
796,Danya,Wincom,dwincomm3@harvard.edu,Male,227.77.17.113
797,Lester,MacGillivrie,lmacgillivriem4@examiner.com,Male,79.180.254.235
798,Derwin,Jilkes,djilkesm5@who.int,Male,188.227.80.13
799,Nora,Whiteley,nwhiteleym6@free.fr,Female,137.18.242.107
800,Rodolph,Dwine,rdwinem7@odnoklassniki.ru,Male,228.18.166.5
801,Cosmo,Marte,cmartem8@posterous.com,Male,254.103.19.24
802,Nerti,Burnep,nburnepm9@cbslocal.com,Female,153.61.163.220
803,Marne,Wallbank,mwallbankma@freewebs.com,Female,170.119.103.235
804,Adair,Brownhill,abrownhillmb@thetimes.co.uk,Male,54.203.240.208
805,Gracie,Calvard,gcalvardmc@ifeng.com,Female,235.159.16.225
806,Pearla,Aspell,paspellmd@gravatar.com,Female,28.88.87.90
807,Gilberta,Giamelli,ggiamellime@utexas.edu,Female,245.126.226.70
808,Christoffer,Trazzi,ctrazzimf@berkeley.edu,Male,64.177.12.95
809,Taylor,Rossant,trossantmg@gmpg.org,Male,8.53.194.132
810,Claiborn,Ungaretti,cungarettimh@mail.ru,Male,190.87.3.47
811,Reeva,Gresswell,rgresswellmi@google.es,Female,59.160.100.203
812,Davy,Dunbobbin,ddunbobbinmj@loc.gov,Male,174.1.201.106
813,Ozzie,Dewitt,odewittmk@virginia.edu,Male,95.117.63.238
814,Terence,Thebeau,tthebeauml@pbs.org,Male,251.27.26.86
815,Salomon,Solley,ssolleymm@apache.org,Male,6.199.113.163
816,Anjela,Pasfield,apasfieldmn@list-manage.com,Female,100.99.125.22
817,Odie,Jeffers,ojeffersmo@fotki.com,Male,26.167.139.74
818,Jolyn,Le Gassick,jlegassickmp@infoseek.co.jp,Female,177.241.180.120
819,Robinson,Ganter,rgantermq@hostgator.com,Male,4.57.93.35
820,Raymond,Parnby,rparnbymr@mediafire.com,Male,27.112.123.155
821,Morgen,Wiffield,mwiffieldms@usatoday.com,Male,135.207.191.218
822,Seamus,Prosek,sprosekmt@delicious.com,Male,117.58.60.218
823,Marietta,Zanioletti,mzaniolettimu@issuu.com,Female,168.6.126.54
824,Ainslie,Jerzak,ajerzakmv@example.com,Female,223.96.136.35
825,Stefania,Hamley,shamleymw@bbb.org,Female,154.112.126.84
826,Zorine,O'Heneghan,zoheneghanmx@ehow.com,Female,227.246.202.177
827,Kelsi,Balmforth,kbalmforthmy@youku.com,Female,81.105.91.224
828,Blinny,Kenningham,bkenninghammz@bbb.org,Female,129.54.188.154
829,Lyon,Wapple,lwapplen0@imdb.com,Male,166.205.144.237
830,Rania,Hannah,rhannahn1@mashable.com,Female,16.193.32.4
831,Lorelei,St. Aubyn,lstaubynn2@sina.com.cn,Female,35.246.98.100
832,Rudolph,Adamou,radamoun3@odnoklassniki.ru,Male,251.104.75.209
833,Keary,Flohard,kflohardn4@typepad.com,Male,169.79.222.17
834,Gasper,Plaskett,gplaskettn5@businesswire.com,Male,27.46.200.144
835,Sandor,Von Welden,svonweldenn6@intel.com,Male,43.27.80.213
836,Evin,Mostyn,emostynn7@amazonaws.com,Male,249.193.238.151
837,Gianni,Sabates,gsabatesn8@studiopress.com,Male,199.220.85.59
838,Nelle,Fitzsymon,nfitzsymonn9@livejournal.com,Female,68.168.129.216
839,Mandie,Cordingly,mcordinglyna@state.tx.us,Female,159.177.202.77
840,Deloria,Klimkowski,dklimkowskinb@odnoklassniki.ru,Female,14.120.233.5
841,Brendin,Hanmore,bhanmorenc@jugem.jp,Male,150.251.89.247
842,Rufe,McCree,rmccreend@pcworld.com,Male,110.220.167.254
843,Kari,Wrack,kwrackne@intel.com,Female,94.215.130.184
844,Kimberlee,Tapsell,ktapsellnf@theguardian.com,Female,22.121.116.129
845,Eartha,Mackness,emacknessng@ucoz.ru,Female,250.88.54.35
846,Annemarie,Sedgebeer,asedgebeernh@salon.com,Female,190.248.250.4
847,Yovonnda,Connors,yconnorsni@spotify.com,Female,75.72.211.93
848,Judd,Lyffe,jlyffenj@mapquest.com,Male,0.25.117.68
849,Scotti,Ferber,sferbernk@loc.gov,Male,132.220.142.192
850,Lewie,Crone,lcronenl@harvard.edu,Male,182.155.168.4
851,Kathryn,Flanagan,kflanagannm@sfgate.com,Female,114.40.42.65
852,Goldy,Plowell,gplowellnn@nhs.uk,Female,142.212.170.141
853,Trish,Pulver,tpulverno@comcast.net,Female,79.254.223.134
854,Krysta,Lindsley,klindsleynp@tiny.cc,Female,83.84.112.148
855,Aline,Copcote,acopcotenq@toplist.cz,Female,70.177.67.218
856,Brody,Petrillo,bpetrillonr@trellian.com,Male,157.91.44.44
857,Ephraim,Joskowitz,ejoskowitzns@soup.io,Male,52.1.39.89
858,Carmelina,Aps,capsnt@addthis.com,Female,81.191.103.141
859,Kurt,MacDwyer,kmacdwyernu@yelp.com,Male,96.92.75.79
860,Lorenza,Forman,lformannv@cnn.com,Female,238.238.133.212
861,Riordan,Tolomelli,rtolomellinw@vistaprint.com,Male,114.19.128.36
862,Mose,Diem,mdiemnx@oaic.gov.au,Male,73.37.68.199
863,Dana,Ferron,dferronny@google.cn,Female,203.161.82.75
864,Nadeen,Betteridge,nbetteridgenz@wisc.edu,Female,244.162.211.206
865,Korrie,Sandiford,ksandifordo0@elegantthemes.com,Female,252.46.203.225
866,Orazio,Whelpdale,owhelpdaleo1@eepurl.com,Male,102.136.150.32
867,Gardy,Tace,gtaceo2@wp.com,Male,87.158.69.40
868,Zak,Matuska,zmatuskao3@java.com,Male,131.34.126.130
869,Kittie,Goodricke,kgoodrickeo4@constantcontact.com,Female,162.129.66.224
870,Deirdre,Van der Veldt,dvanderveldto5@tinypic.com,Female,209.203.208.37
871,Torey,Landsman,tlandsmano6@shareasale.com,Male,51.105.20.135
872,Bibbie,Heatly,bheatlyo7@kickstarter.com,Female,89.105.2.153
873,Afton,Josephsen,ajosephseno8@cdbaby.com,Female,104.79.84.212
874,Marilyn,Zieme,mziemeo9@irs.gov,Female,189.234.153.227
875,Kayley,Thickpenny,kthickpennyoa@opera.com,Female,242.148.202.135
876,Cally,Cruce,ccruceob@storify.com,Female,203.15.89.138
877,Ali,Simenet,asimenetoc@sciencedirect.com,Female,24.62.175.114
878,Cly,Woodburn,cwoodburnod@fc2.com,Male,139.152.71.192
879,Aidan,Orbell,aorbelloe@nasa.gov,Female,242.100.225.172
880,Brok,Skokoe,bskokoeof@latimes.com,Male,112.194.22.101
881,Holt,Slatford,hslatfordog@nih.gov,Male,11.203.201.76
882,Chelsey,Hasloch,chaslochoh@ucoz.com,Female,65.206.132.82
883,Britt,Bowe,bboweoi@indiegogo.com,Female,26.143.201.54
884,Marjy,Dennick,mdennickoj@amazon.co.uk,Female,159.175.104.219
885,Ronny,Vevers,rveversok@dailymotion.com,Male,171.237.123.16
886,Vincenty,Clynmans,vclynmansol@blogspot.com,Male,220.128.218.93
887,Dulci,Motte,dmotteom@altervista.org,Female,38.65.26.37
888,Maighdiln,Guilloux,mguillouxon@shutterfly.com,Female,85.4.184.198
889,Rurik,Hudson,rhudsonoo@slate.com,Male,9.61.121.28
890,Finley,Eagles,feaglesop@printfriendly.com,Male,199.229.231.193
891,Tades,Biss,tbissoq@latimes.com,Male,47.153.114.196
892,Garik,Del Monte,gdelmonteor@naver.com,Male,244.238.6.46
893,Miof mela,Kinvan,mkinvanos@linkedin.com,Female,156.112.252.154
894,Peggy,Ellens,pellensot@foxnews.com,Female,111.207.202.222
895,Marrilee,Tice,mticeou@vkontakte.ru,Female,188.83.71.188
896,Inge,McRae,imcraeov@linkedin.com,Female,35.21.155.41
897,Gerrie,Billitteri,gbillitteriow@census.gov,Male,117.183.233.230
898,Darcey,Colicot,dcolicotox@1und1.de,Female,34.108.60.83
899,Richmond,Lamswood,rlamswoodoy@dailymail.co.uk,Male,226.96.127.4
900,Jemmy,Robet,jrobetoz@bandcamp.com,Female,116.175.183.118
901,Jemie,Draayer,jdraayerp0@trellian.com,Female,138.201.69.169
902,Aurore,Marklow,amarklowp1@reddit.com,Female,154.119.177.78
903,Burt,Allston,ballstonp2@guardian.co.uk,Male,116.120.225.246
904,Devin,Alelsandrowicz,dalelsandrowiczp3@marketwatch.com,Male,143.255.93.244
905,Valma,Speechley,vspeechleyp4@bravesites.com,Female,104.248.212.32
906,Bradly,Pickring,bpickringp5@free.fr,Male,194.44.34.202
907,Currey,Bernetti,cbernettip6@dailymail.co.uk,Male,216.176.171.152
908,Andrea,Lorant,alorantp7@cafepress.com,Female,221.248.37.74
909,Jerry,Maxted,jmaxtedp8@vkontakte.ru,Male,174.155.23.67
910,Alberik,Jertz,ajertzp9@smugmug.com,Male,161.113.151.139
911,Wendie,Barbrick,wbarbrickpa@i2i.jp,Female,103.16.137.132
912,Kenny,Colenutt,kcolenuttpb@mit.edu,Male,140.166.47.68
913,Valentin,Margach,vmargachpc@ft.com,Male,147.212.67.91
914,Ollie,Klambt,oklambtpd@dagondesign.com,Male,214.67.191.248
915,Aggy,Kenson,akensonpe@jalbum.net,Female,186.56.56.121
916,Minnnie,Jack,mjackpf@blog.com,Female,132.233.209.207
917,Camey,McKain,cmckainpg@google.com.hk,Male,56.16.51.46
918,Milty,Fields,mfieldsph@harvard.edu,Male,182.93.1.80
919,Traci,Rittelmeyer,trittelmeyerpi@cisco.com,Female,93.137.238.118
920,Ashlin,Foard,afoardpj@narod.ru,Male,87.242.203.245
921,Annabal,Antushev,aantushevpk@etsy.com,Female,2.162.172.206
922,Davida,Ware,dwarepl@yellowpages.com,Female,210.250.71.113
923,Reeba,Stroobant,rstroobantpm@slashdot.org,Female,197.203.176.154
924,Celestyna,Thresher,cthresherpn@yahoo.co.jp,Female,73.248.73.220
925,Ranice,Torbett,rtorbettpo@so-net.ne.jp,Female,201.50.140.138
926,Xenia,Lundbech,xlundbechpp@acquirethisname.com,Female,240.106.11.147
927,Ashbey,Hurworth,ahurworthpq@studiopress.com,Male,163.154.96.69
928,Marlee,Coolican,mcoolicanpr@cdc.gov,Female,191.99.85.163
929,Hugibert,Rosling,hroslingps@ft.com,Male,222.209.169.142
930,Flori,Venditto,fvendittopt@xing.com,Female,16.61.27.6
931,Julius,Scane,jscanepu@g.co,Male,218.218.148.91
932,Fraser,Hagley,fhagleypv@bloglines.com,Male,43.227.50.171
933,Terence,Nieass,tnieasspw@ucsd.edu,Male,90.252.137.38
934,Olin,Keese,okeesepx@pcworld.com,Male,135.94.3.37
935,Damon,Pettingill,dpettingillpy@123-reg.co.uk,Male,24.162.253.113
936,Agathe,Rigglesford,arigglesfordpz@i2i.jp,Female,197.243.167.12
937,Judon,Shurlock,jshurlockq0@simplemachines.org,Male,113.188.82.96
938,Ahmad,Jeandot,ajeandotq1@newsvine.com,Male,105.93.70.216
939,Ky,Strong,kstrongq2@bloglovin.com,Male,31.91.23.22
940,Wenonah,Crane,wcraneq3@liveinternet.ru,Female,245.160.150.130
941,Maxy,Rodinger,mrodingerq4@msu.edu,Female,152.41.224.71
942,Tito,Klesl,tkleslq5@yellowbook.com,Male,116.133.192.161
943,Concettina,Burnside,cburnsideq6@techcrunch.com,Female,213.184.14.248
944,Doralia,Chieze,dchiezeq7@ow.ly,Female,155.3.2.142
945,Thatcher,Vandrill,tvandrillq8@nyu.edu,Male,216.2.217.210
946,Robbie,Bockett,rbockettq9@pen.io,Male,120.129.43.4
947,Garey,Jenkerson,gjenkersonqa@sfgate.com,Male,52.79.72.8
948,Jordan,Duham,jduhamqb@rambler.ru,Male,173.205.133.140
949,Pail,Barradell,pbarradellqc@dropbox.com,Male,38.85.195.196
950,Merrielle,Boorer,mboorerqd@ow.ly,Female,21.152.145.133
951,Enrique,I'anson,eiansonqe@example.com,Male,215.47.49.220
952,Thaddus,Lackham,tlackhamqf@boston.com,Male,172.25.102.160
953,Barnebas,Coster,bcosterqg@nydailynews.com,Male,145.214.124.58
954,Jaymie,Monro,jmonroqh@foxnews.com,Male,251.112.34.6
955,Fernande,Heazel,fheazelqi@princeton.edu,Female,253.139.158.73
956,Evey,Woodus,ewoodusqj@friendfeed.com,Female,3.107.209.148
957,Constancia,Meekins,cmeekinsqk@edublogs.org,Female,164.199.47.138
958,Siana,Trippick,strippickql@tripod.com,Female,88.54.198.189
959,Rosamund,Kobiera,rkobieraqm@diigo.com,Female,168.239.229.99
960,Dani,Wallen,dwallenqn@sbwire.com,Female,71.81.247.27
961,Sloane,Bordiss,sbordissqo@over-blog.com,Male,64.97.91.240
962,Raul,Eplett,replettqp@trellian.com,Male,190.164.145.240
963,Mariquilla,Devigne,mdevigneqq@amazonaws.com,Female,171.141.242.245
964,Babbette,Kyllford,bkyllfordqr@usgs.gov,Female,224.157.90.55
965,Erv,Polye,epolyeqs@rediff.com,Male,158.186.248.159
966,Sal,Sealeaf,ssealeafqt@uiuc.edu,Male,249.19.251.170
967,Abner,Lauridsen,alauridsenqu@drupal.org,Male,120.177.126.45
968,Elwyn,Tilby,etilbyqv@tripod.com,Male,111.253.108.255
969,Ephrayim,Bamell,ebamellqw@hud.gov,Male,54.214.179.3
970,Daniella,Dorie,ddorieqx@blogs.com,Female,190.54.217.80
971,Stanton,Dorken,sdorkenqy@psu.edu,Male,241.132.24.86
972,Hy,Nozzolii,hnozzoliiqz@harvard.edu,Male,234.45.122.123
973,Morse,Vowdon,mvowdonr0@freewebs.com,Male,230.170.64.239
974,Essa,Adrian,eadrianr1@china.com.cn,Female,190.34.86.242
975,Robbin,Tacey,rtaceyr2@un.org,Female,132.101.217.111
976,Andre,Haslin,ahaslinr3@over-blog.com,Male,181.169.31.89
977,Ingeborg,Lazer,ilazerr4@altervista.org,Female,74.135.189.106
978,Rhonda,Sermin,rserminr5@phoca.cz,Female,148.11.109.228
979,Ingrid,Klassman,iklassmanr6@ucoz.ru,Female,53.228.239.97
980,Nevin,Lindenberg,nlindenbergr7@nasa.gov,Male,190.248.223.24
981,Hedi,Edgeley,hedgeleyr8@com.com,Female,108.125.145.139
982,Ky,Darrington,kdarringtonr9@jigsy.com,Male,171.117.70.255
983,Patrizius,Holme,pholmera@forbes.com,Male,133.187.250.54
984,Noel,Simione,nsimionerb@dailymotion.com,Female,167.243.205.43
985,Alejandro,Maskell,amaskellrc@quantcast.com,Male,227.122.147.41
986,Prue,Palmar,ppalmarrd@sakura.ne.jp,Female,16.117.129.172
987,Leif,Saffen,lsaffenre@pen.io,Male,24.187.64.155
988,Nickey,Brosius,nbrosiusrf@forbes.com,Male,102.74.153.109
989,Byran,Aleswell,baleswellrg@parallels.com,Male,76.127.67.230
990,Hartley,Santon,hsantonrh@networksolutions.com,Male,249.215.94.3
991,Eudora,Huntingford,ehuntingfordri@chronoengine.com,Female,205.3.116.135
992,Rolph,Hearmon,rhearmonrj@networkadvertising.org,Male,153.173.87.48
993,Kelci,Stroder,kstroderrk@hostgator.com,Female,236.205.248.196
994,Emma,Staig,estaigrl@furl.net,Female,232.149.16.103
995,Viole,Jankovic,vjankovicrm@digg.com,Female,179.58.48.56
996,Murdock,Shord,mshordrn@wunderground.com,Male,81.245.32.153
997,Karel,De Castri,kdecastriro@myspace.com,Male,208.246.255.61
998,Ripley,Bednell,rbednellrp@boston.com,Male,123.138.83.191
999,Niko,Hadcock,nhadcockrq@phoca.cz,Male,88.171.128.56
1000,Lindon,Aven,lavenrr@storify.com,Male,177.45.123.226
